Concelho,Neighboring_Concelhos
Évora,"['Arraiolos', 'Estremoz', 'Montemor-o-Novo', 'Portel', 'Redondo', 'Reguengos de Monsaraz', 'Viana do Alentejo']"
Alandroal,"['Mourão', 'Redondo', 'Reguengos de Monsaraz', 'Vila Viçosa', 'Elvas']"
Arraiolos,"['Évora', 'Estremoz', 'Montemor-o-Novo', 'Mora', 'Sousel', 'Coruche']"
Borba,"['Estremoz', 'Redondo', 'Vila Viçosa', 'Elvas', 'Monforte']"
Estremoz,"['Évora', 'Arraiolos', 'Borba', 'Redondo', 'Fronteira', 'Monforte', 'Sousel']"
Montemor-o-Novo,"['Évora', 'Arraiolos', 'Vendas Novas', 'Viana do Alentejo', 'Coruche', 'Alcácer do Sal', 'Montijo']"
Mora,"['Arraiolos', 'Avis', 'Ponte de Sor', 'Sousel', 'Coruche']"
Mourão,"['Alandroal', 'Reguengos de Monsaraz', 'Barrancos', 'Moura']"
Portel,"['Évora', 'Reguengos de Monsaraz', 'Viana do Alentejo', 'Cuba', 'Moura', 'Vidigueira']"
Redondo,"['Évora', 'Alandroal', 'Borba', 'Estremoz', 'Reguengos de Monsaraz', 'Vila Viçosa']"
Reguengos de Monsaraz,"['Évora', 'Alandroal', 'Mourão', 'Portel', 'Redondo', 'Moura']"
Vendas Novas,"['Montemor-o-Novo', 'Alcácer do Sal', 'Montijo', 'Palmela']"
Viana do Alentejo,"['Évora', 'Montemor-o-Novo', 'Portel', 'Alvito', 'Cuba', 'Alcácer do Sal']"
Vila Viçosa,"['Alandroal', 'Borba', 'Redondo', 'Elvas']"
Águeda,"['Albergaria-a-Velha', 'Anadia', 'Aveiro', 'Oliveira do Bairro', 'Sever do Vouga', 'Mortágua', 'Oliveira de Frades', 'Tondela', 'Vouzela']"
Ílhavo,"['Aveiro', 'Vagos']"
Albergaria-a-Velha,"['Águeda', 'Aveiro', 'Estarreja', 'Oliveira de Azeméis', 'Sever do Vouga']"
Anadia,"['Águeda', 'Mealhada', 'Oliveira do Bairro', 'Cantanhede', 'Mortágua']"
Arouca,"['Castelo de Paiva', 'Oliveira de Azeméis', 'Santa Maria da Feira', 'Vale de Cambra', 'Gondomar', 'Castro Daire', 'Cinfães', 'São Pedro do Sul']"
Aveiro,"['Águeda', 'Ílhavo', 'Albergaria-a-Velha', 'Murtosa', 'Oliveira do Bairro', 'Vagos']"
Castelo de Paiva,"['Arouca', 'Gondomar', 'Marco de Canaveses', 'Penafiel', 'Cinfães']"
Espinho,"['Ovar', 'Santa Maria da Feira', 'Vila Nova de Gaia']"
Estarreja,"['Albergaria-a-Velha', 'Murtosa', 'Oliveira de Azeméis', 'Ovar']"
Mealhada,"['Anadia', 'Cantanhede', 'Coimbra', 'Penacova', 'Mortágua']"
Murtosa,"['Aveiro', 'Estarreja', 'Ovar']"
Oliveira de Azeméis,"['Albergaria-a-Velha', 'Arouca', 'Estarreja', 'Ovar', 'São João da Madeira', 'Santa Maria da Feira', 'Sever do Vouga', 'Vale de Cambra']"
Oliveira do Bairro,"['Águeda', 'Anadia', 'Aveiro', 'Vagos', 'Cantanhede']"
Ovar,"['Espinho', 'Estarreja', 'Murtosa', 'Oliveira de Azeméis', 'Santa Maria da Feira']"
São João da Madeira,"['Oliveira de Azeméis', 'Santa Maria da Feira']"
Santa Maria da Feira,"['Arouca', 'Espinho', 'Oliveira de Azeméis', 'Ovar', 'São João da Madeira', 'Gondomar', 'Vila Nova de Gaia']"
Sever do Vouga,"['Águeda', 'Albergaria-a-Velha', 'Oliveira de Azeméis', 'Vale de Cambra', 'Oliveira de Frades']"
Vagos,"['Ílhavo', 'Aveiro', 'Oliveira do Bairro', 'Cantanhede', 'Mira']"
Vale de Cambra,"['Arouca', 'Oliveira de Azeméis', 'Sever do Vouga', 'Oliveira de Frades', 'São Pedro do Sul']"
Aljustrel,"['Beja', 'Castro Verde', 'Ferreira do Alentejo', 'Ourique', 'Santiago do Cacém']"
Almodôvar,"['Castro Verde', 'Mértola', 'Ourique', 'Alcoutim', 'Loulé', 'Silves']"
Alvito,"['Viana do Alentejo', 'Cuba', 'Ferreira do Alentejo', 'Alcácer do Sal']"
Barrancos,"['Mourão', 'Moura']"
Beja,"['Aljustrel', 'Castro Verde', 'Cuba', 'Ferreira do Alentejo', 'Mértola', 'Serpa', 'Vidigueira']"
Castro Verde,"['Aljustrel', 'Almodôvar', 'Beja', 'Mértola', 'Ourique']"
Cuba,"['Portel', 'Viana do Alentejo', 'Alvito', 'Beja', 'Ferreira do Alentejo', 'Vidigueira']"
Ferreira do Alentejo,"['Aljustrel', 'Alvito', 'Beja', 'Cuba', 'Alcácer do Sal', 'Grândola', 'Santiago do Cacém']"
Mértola,"['Almodôvar', 'Beja', 'Castro Verde', 'Serpa', 'Alcoutim']"
Moura,"['Mourão', 'Portel', 'Reguengos de Monsaraz', 'Barrancos', 'Serpa', 'Vidigueira']"
Odemira,"['Ourique', 'Aljezur', 'Monchique', 'Silves', 'Santiago do Cacém', 'Sines']"
Ourique,"['Aljustrel', 'Almodôvar', 'Castro Verde', 'Odemira', 'Silves', 'Santiago do Cacém']"
Serpa,"['Beja', 'Mértola', 'Moura', 'Vidigueira']"
Vidigueira,"['Portel', 'Beja', 'Cuba', 'Moura', 'Serpa']"
Amares,"['Braga', 'Póvoa de Lanhoso', 'Terras de Bouro', 'Vieira do Minho', 'Vila Verde']"
Barcelos,"['Braga', 'Esposende', 'Vila Nova de Famalicão', 'Vila Verde', 'Póvoa de Varzim', 'Ponte de Lima', 'Viana do Castelo']"
Braga,"['Amares', 'Barcelos', 'Guimarães', 'Póvoa de Lanhoso', 'Vila Nova de Famalicão', 'Vila Verde']"
Guimarães,"['Braga', 'Fafe', 'Póvoa de Lanhoso', 'Vila Nova de Famalicão', 'Vizela', 'Felgueiras', 'Santo Tirso']"
Cabeceiras de Basto,"['Celorico de Basto', 'Fafe', 'Vieira do Minho', 'Boticas', 'Mondim de Basto', 'Montalegre', 'Ribeira de Pena']"
Celorico de Basto,"['Cabeceiras de Basto', 'Fafe', 'Amarante', 'Felgueiras', 'Mondim de Basto']"
Esposende,"['Barcelos', 'Póvoa de Varzim', 'Viana do Castelo']"
Fafe,"['Guimarães', 'Cabeceiras de Basto', 'Celorico de Basto', 'Póvoa de Lanhoso', 'Vieira do Minho', 'Felgueiras']"
Póvoa de Lanhoso,"['Amares', 'Braga', 'Guimarães', 'Fafe', 'Vieira do Minho']"
Terras de Bouro,"['Amares', 'Vieira do Minho', 'Vila Verde', 'Ponte da Barca', 'Montalegre']"
Vieira do Minho,"['Amares', 'Cabeceiras de Basto', 'Fafe', 'Póvoa de Lanhoso', 'Terras de Bouro', 'Montalegre']"
Vila Nova de Famalicão,"['Barcelos', 'Braga', 'Guimarães', 'Póvoa de Varzim', 'Santo Tirso', 'Trofa', 'Vila do Conde']"
Vila Verde,"['Amares', 'Barcelos', 'Braga', 'Terras de Bouro', 'Ponte da Barca', 'Ponte de Lima']"
Vizela,"['Guimarães', 'Felgueiras', 'Lousada', 'Santo Tirso']"
Alfândega da Fé,"['Macedo de Cavaleiros', 'Mirandela', 'Mogadouro', 'Torre de Moncorvo', 'Vila Flor']"
Bragança,"['Macedo de Cavaleiros', 'Vimioso', 'Vinhais']"
Carrazeda de Ansiães,"['Mirandela', 'Torre de Moncorvo', 'Vila Flor', 'Vila Nova de Foz Côa', 'Alijó', 'Murça', 'São João da Pesqueira']"
Freixo de Espada à Cinta,"['Mogadouro', 'Torre de Moncorvo', 'Figueira de Castelo Rodrigo', 'Vila Nova de Foz Côa']"
Macedo de Cavaleiros,"['Alfândega da Fé', 'Bragança', 'Mirandela', 'Mogadouro', 'Vimioso', 'Vinhais']"
Miranda do Douro,"['Mogadouro', 'Vimioso']"
Mirandela,"['Alfândega da Fé', 'Carrazeda de Ansiães', 'Macedo de Cavaleiros', 'Vila Flor', 'Vinhais', 'Murça', 'Valpaços']"
Mogadouro,"['Alfândega da Fé', 'Freixo de Espada à Cinta', 'Macedo de Cavaleiros', 'Miranda do Douro', 'Torre de Moncorvo', 'Vimioso']"
Torre de Moncorvo,"['Alfândega da Fé', 'Carrazeda de Ansiães', 'Freixo de Espada à Cinta', 'Mogadouro', 'Vila Flor', 'Vila Nova de Foz Côa']"
Vila Flor,"['Alfândega da Fé', 'Carrazeda de Ansiães', 'Mirandela', 'Torre de Moncorvo']"
Vimioso,"['Bragança', 'Macedo de Cavaleiros', 'Miranda do Douro', 'Mogadouro']"
Vinhais,"['Bragança', 'Macedo de Cavaleiros', 'Mirandela', 'Chaves', 'Valpaços']"
Belmonte,"['Covilhã', 'Fundão', 'Guarda', 'Sabugal']"
Castelo Branco,"['Fundão', 'Idanha-a-Nova', 'Oleiros', 'Proença-a-Nova', 'Vila Velha de Ródão']"
Covilhã,"['Belmonte', 'Fundão', 'Arganil', 'Pampilhosa da Serra', 'Guarda', 'Manteigas', 'Seia']"
Fundão,"['Belmonte', 'Castelo Branco', 'Covilhã', 'Idanha-a-Nova', 'Oleiros', 'Penamacor', 'Pampilhosa da Serra', 'Sabugal']"
Idanha-a-Nova,"['Castelo Branco', 'Fundão', 'Penamacor']"
Oleiros,"['Castelo Branco', 'Fundão', 'Proença-a-Nova', 'Sertã', 'Pampilhosa da Serra']"
Penamacor,"['Fundão', 'Idanha-a-Nova', 'Sabugal']"
Proença-a-Nova,"['Castelo Branco', 'Oleiros', 'Sertã', 'Vila Velha de Ródão', 'Mação']"
Sertã,"['Oleiros', 'Proença-a-Nova', 'Vila de Rei', 'Pampilhosa da Serra', 'Figueiró dos Vinhos', 'Pedrógão Grande', 'Ferreira do Zêzere', 'Mação']"
Vila de Rei,"['Sertã', 'Abrantes', 'Ferreira do Zêzere', 'Mação', 'Sardoal', 'Tomar']"
Vila Velha de Ródão,"['Castelo Branco', 'Proença-a-Nova', 'Nisa', 'Mação']"
Arganil,"['Covilhã', 'Góis', 'Lousã', 'Oliveira do Hospital', 'Pampilhosa da Serra', 'Penacova', 'Tábua', 'Vila Nova de Poiares', 'Seia']"
Cantanhede,"['Anadia', 'Mealhada', 'Oliveira do Bairro', 'Vagos', 'Coimbra', 'Figueira da Foz', 'Mira', 'Montemor-o-Velho']"
Coimbra,"['Mealhada', 'Cantanhede', 'Condeixa-a-Nova', 'Miranda do Corvo', 'Montemor-o-Velho', 'Penacova', 'Vila Nova de Poiares']"
Condeixa-a-Nova,"['Coimbra', 'Miranda do Corvo', 'Montemor-o-Velho', 'Penela', 'Soure']"
Figueira da Foz,"['Cantanhede', 'Montemor-o-Velho', 'Soure', 'Pombal']"
Góis,"['Arganil', 'Lousã', 'Pampilhosa da Serra', 'Castanheira de Pêra', 'Pedrógão Grande']"
Lousã,"['Arganil', 'Góis', 'Miranda do Corvo', 'Vila Nova de Poiares', 'Castanheira de Pêra', 'Figueiró dos Vinhos']"
Mira,"['Vagos', 'Cantanhede']"
Miranda do Corvo,"['Coimbra', 'Condeixa-a-Nova', 'Lousã', 'Penela', 'Vila Nova de Poiares', 'Figueiró dos Vinhos']"
Montemor-o-Velho,"['Cantanhede', 'Coimbra', 'Condeixa-a-Nova', 'Figueira da Foz', 'Soure']"
Oliveira do Hospital,"['Arganil', 'Tábua', 'Seia', 'Carregal do Sal', 'Nelas']"
Pampilhosa da Serra,"['Covilhã', 'Fundão', 'Oleiros', 'Sertã', 'Arganil', 'Góis', 'Pedrógão Grande']"
Penacova,"['Mealhada', 'Arganil', 'Coimbra', 'Tábua', 'Vila Nova de Poiares', 'Mortágua', 'Santa Comba Dão']"
Penela,"['Condeixa-a-Nova', 'Miranda do Corvo', 'Soure', 'Ansião', 'Figueiró dos Vinhos']"
Soure,"['Condeixa-a-Nova', 'Figueira da Foz', 'Montemor-o-Velho', 'Penela', 'Ansião', 'Pombal']"
Tábua,"['Arganil', 'Oliveira do Hospital', 'Penacova', 'Carregal do Sal', 'Santa Comba Dão']"
Vila Nova de Poiares,"['Arganil', 'Coimbra', 'Lousã', 'Miranda do Corvo', 'Penacova']"
Albufeira,"['Loulé', 'Silves']"
Alcoutim,"['Almodôvar', 'Mértola', 'Tavira', 'Castro Marim', 'Loulé']"
Tavira,"['Alcoutim', 'Castro Marim', 'Loulé', 'Olhão', 'São Brás de Alportel', 'Vila Real de Santo António']"
Aljezur,"['Odemira', 'Lagos', 'Monchique', 'Vila do Bispo']"
Castro Marim,"['Alcoutim', 'Tavira', 'Vila Real de Santo António']"
Faro,"['Loulé', 'Olhão', 'São Brás de Alportel']"
Lagoa,"['Portimão', 'Silves']"
Lagos,"['Aljezur', 'Monchique', 'Portimão', 'Vila do Bispo']"
Loulé,"['Almodôvar', 'Albufeira', 'Alcoutim', 'Tavira', 'Faro', 'São Brás de Alportel', 'Silves']"
Monchique,"['Odemira', 'Aljezur', 'Lagos', 'Portimão', 'Silves']"
Olhão,"['Tavira', 'Faro', 'São Brás de Alportel']"
Portimão,"['Lagoa', 'Lagos', 'Monchique', 'Silves']"
São Brás de Alportel,"['Tavira', 'Faro', 'Loulé', 'Olhão']"
Silves,"['Almodôvar', 'Odemira', 'Ourique', 'Albufeira', 'Lagoa', 'Loulé', 'Monchique', 'Portimão']"
Vila do Bispo,"['Aljezur', 'Lagos']"
Vila Real de Santo António,"['Tavira', 'Castro Marim']"
Aguiar da Beira,"['Fornos de Algodres', 'Trancoso', 'Penalva do Castelo', 'Sátão', 'Sernancelhe']"
Almeida,"['Figueira de Castelo Rodrigo', 'Guarda', 'Pinhel', 'Sabugal']"
Celorico da Beira,"['Fornos de Algodres', 'Gouveia', 'Guarda', 'Pinhel', 'Trancoso']"
Figueira de Castelo Rodrigo,"['Freixo de Espada à Cinta', 'Almeida', 'Pinhel', 'Vila Nova de Foz Côa']"
Fornos de Algodres,"['Aguiar da Beira', 'Celorico da Beira', 'Gouveia', 'Trancoso', 'Mangualde', 'Penalva do Castelo']"
Gouveia,"['Celorico da Beira', 'Fornos de Algodres', 'Guarda', 'Manteigas', 'Seia', 'Mangualde']"
Guarda,"['Belmonte', 'Covilhã', 'Almeida', 'Celorico da Beira', 'Gouveia', 'Manteigas', 'Pinhel', 'Sabugal']"
Mêda,"['Pinhel', 'Trancoso', 'Vila Nova de Foz Côa', 'Penedono', 'Sernancelhe']"
Manteigas,"['Covilhã', 'Gouveia', 'Guarda', 'Seia']"
Pinhel,"['Almeida', 'Celorico da Beira', 'Figueira de Castelo Rodrigo', 'Guarda', 'Mêda', 'Trancoso', 'Vila Nova de Foz Côa']"
Sabugal,"['Belmonte', 'Fundão', 'Penamacor', 'Almeida', 'Guarda']"
Seia,"['Covilhã', 'Arganil', 'Oliveira do Hospital', 'Gouveia', 'Manteigas', 'Mangualde', 'Nelas']"
Trancoso,"['Aguiar da Beira', 'Celorico da Beira', 'Fornos de Algodres', 'Mêda', 'Pinhel', 'Penedono', 'Sernancelhe']"
Vila Nova de Foz Côa,"['Carrazeda de Ansiães', 'Freixo de Espada à Cinta', 'Torre de Moncorvo', 'Figueira de Castelo Rodrigo', 'Mêda', 'Pinhel', 'Penedono', 'São João da Pesqueira']"
Óbidos,"['Bombarral', 'Caldas da Rainha', 'Peniche', 'Lourinhã']"
Alcobaça,"['Caldas da Rainha', 'Leiria', 'Marinha Grande', 'Nazaré', 'Porto de Mós', 'Rio Maior']"
Alvaiázere,"['Ansião', 'Figueiró dos Vinhos', 'Pombal', 'Ferreira do Zêzere', 'Ourém']"
Ansião,"['Penela', 'Soure', 'Alvaiázere', 'Figueiró dos Vinhos', 'Pombal']"
Batalha,"['Leiria', 'Porto de Mós', 'Alcanena', 'Ourém']"
Bombarral,"['Óbidos', 'Caldas da Rainha', 'Cadaval', 'Lourinhã']"
Caldas da Rainha,"['Óbidos', 'Alcobaça', 'Bombarral', 'Cadaval', 'Rio Maior']"
Castanheira de Pêra,"['Góis', 'Lousã', 'Figueiró dos Vinhos', 'Pedrógão Grande']"
Figueiró dos Vinhos,"['Sertã', 'Lousã', 'Miranda do Corvo', 'Penela', 'Alvaiázere', 'Ansião', 'Castanheira de Pêra', 'Pedrógão Grande', 'Ferreira do Zêzere']"
Leiria,"['Alcobaça', 'Batalha', 'Marinha Grande', 'Pombal', 'Porto de Mós', 'Ourém']"
Marinha Grande,"['Alcobaça', 'Leiria']"
Nazaré,['Alcobaça']
Pedrógão Grande,"['Sertã', 'Góis', 'Pampilhosa da Serra', 'Castanheira de Pêra', 'Figueiró dos Vinhos']"
Peniche,"['Óbidos', 'Lourinhã']"
Pombal,"['Figueira da Foz', 'Soure', 'Alvaiázere', 'Ansião', 'Leiria', 'Ourém']"
Porto de Mós,"['Alcobaça', 'Batalha', 'Leiria', 'Alcanena', 'Rio Maior', 'Santarém']"
Alenquer,"['Arruda dos Vinhos', 'Azambuja', 'Cadaval', 'Sobral de Monte Agraço', 'Torres Vedras', 'Vila Franca de Xira']"
Amadora,"['Lisboa', 'Odivelas', 'Oeiras', 'Sintra']"
Arruda dos Vinhos,"['Alenquer', 'Loures', 'Mafra', 'Sobral de Monte Agraço', 'Vila Franca de Xira']"
Azambuja,"['Alenquer', 'Cadaval', 'Vila Franca de Xira', 'Benavente', 'Cartaxo', 'Rio Maior', 'Salvaterra de Magos', 'Santarém']"
Cadaval,"['Bombarral', 'Caldas da Rainha', 'Alenquer', 'Azambuja', 'Lourinhã', 'Torres Vedras', 'Rio Maior']"
Cascais,"['Oeiras', 'Sintra']"
Lisboa,"['Amadora', 'Loures', 'Odivelas', 'Oeiras']"
Loures,"['Arruda dos Vinhos', 'Lisboa', 'Mafra', 'Odivelas', 'Sintra', 'Vila Franca de Xira']"
Lourinhã,"['Óbidos', 'Bombarral', 'Peniche', 'Cadaval', 'Torres Vedras']"
Mafra,"['Arruda dos Vinhos', 'Loures', 'Sintra', 'Sobral de Monte Agraço', 'Torres Vedras']"
Odivelas,"['Amadora', 'Lisboa', 'Loures', 'Sintra']"
Oeiras,"['Amadora', 'Cascais', 'Lisboa', 'Sintra']"
Sintra,"['Amadora', 'Cascais', 'Loures', 'Mafra', 'Odivelas', 'Oeiras']"
Sobral de Monte Agraço,"['Alenquer', 'Arruda dos Vinhos', 'Mafra', 'Torres Vedras']"
Torres Vedras,"['Alenquer', 'Cadaval', 'Lourinhã', 'Mafra', 'Sobral de Monte Agraço']"
Vila Franca de Xira,"['Alenquer', 'Arruda dos Vinhos', 'Azambuja', 'Loures', 'Benavente']"
Alter do Chão,"['Avis', 'Crato', 'Fronteira', 'Monforte', 'Ponte de Sor']"
Arronches,"['Campo Maior', 'Elvas', 'Monforte', 'Portalegre']"
Avis,"['Mora', 'Alter do Chão', 'Fronteira', 'Ponte de Sor', 'Sousel']"
Campo Maior,"['Arronches', 'Elvas']"
Castelo de Vide,"['Crato', 'Marvão', 'Nisa', 'Portalegre']"
Crato,"['Alter do Chão', 'Castelo de Vide', 'Gavião', 'Monforte', 'Nisa', 'Ponte de Sor', 'Portalegre']"
Elvas,"['Alandroal', 'Borba', 'Vila Viçosa', 'Arronches', 'Campo Maior', 'Monforte']"
Fronteira,"['Estremoz', 'Alter do Chão', 'Avis', 'Monforte', 'Sousel']"
Gavião,"['Crato', 'Nisa', 'Ponte de Sor', 'Abrantes', 'Mação']"
Marvão,"['Castelo de Vide', 'Portalegre']"
Monforte,"['Borba', 'Estremoz', 'Alter do Chão', 'Arronches', 'Crato', 'Elvas', 'Fronteira', 'Portalegre']"
Nisa,"['Vila Velha de Ródão', 'Castelo de Vide', 'Crato', 'Gavião', 'Mação']"
Ponte de Sor,"['Mora', 'Alter do Chão', 'Avis', 'Crato', 'Gavião', 'Abrantes', 'Chamusca', 'Coruche']"
Portalegre,"['Arronches', 'Castelo de Vide', 'Crato', 'Marvão', 'Monforte']"
Sousel,"['Arraiolos', 'Estremoz', 'Mora', 'Avis', 'Fronteira']"
Amarante,"['Celorico de Basto', 'Baião', 'Felgueiras', 'Lousada', 'Marco de Canaveses', 'Penafiel', 'Mondim de Basto', 'Santa Marta de Penaguião', 'Vila Real']"
Baião,"['Amarante', 'Marco de Canaveses', 'Mesão Frio', 'Peso da Régua', 'Santa Marta de Penaguião', 'Cinfães', 'Resende']"
Felgueiras,"['Guimarães', 'Celorico de Basto', 'Fafe', 'Vizela', 'Amarante', 'Lousada']"
Gondomar,"['Arouca', 'Castelo de Paiva', 'Santa Maria da Feira', 'Maia', 'Paredes', 'Penafiel', 'Porto', 'Valongo', 'Vila Nova de Gaia']"
Lousada,"['Vizela', 'Amarante', 'Felgueiras', 'Paços de Ferreira', 'Paredes', 'Penafiel', 'Santo Tirso']"
Maia,"['Gondomar', 'Matosinhos', 'Porto', 'Santo Tirso', 'Trofa', 'Valongo', 'Vila do Conde']"
Marco de Canaveses,"['Castelo de Paiva', 'Amarante', 'Baião', 'Penafiel', 'Cinfães']"
Matosinhos,"['Maia', 'Porto', 'Vila do Conde']"
Póvoa de Varzim,"['Barcelos', 'Esposende', 'Vila Nova de Famalicão', 'Vila do Conde']"
Paços de Ferreira,"['Lousada', 'Paredes', 'Santo Tirso', 'Valongo']"
Paredes,"['Gondomar', 'Lousada', 'Paços de Ferreira', 'Penafiel', 'Valongo']"
Penafiel,"['Castelo de Paiva', 'Amarante', 'Gondomar', 'Lousada', 'Marco de Canaveses', 'Paredes']"
Porto,"['Gondomar', 'Maia', 'Matosinhos', 'Vila Nova de Gaia']"
Santo Tirso,"['Guimarães', 'Vila Nova de Famalicão', 'Vizela', 'Lousada', 'Maia', 'Paços de Ferreira', 'Trofa', 'Valongo']"
Trofa,"['Vila Nova de Famalicão', 'Maia', 'Santo Tirso', 'Vila do Conde']"
Valongo,"['Gondomar', 'Maia', 'Paços de Ferreira', 'Paredes', 'Santo Tirso']"
Vila do Conde,"['Vila Nova de Famalicão', 'Maia', 'Matosinhos', 'Póvoa de Varzim', 'Trofa']"
Vila Nova de Gaia,"['Espinho', 'Santa Maria da Feira', 'Gondomar', 'Porto']"
Abrantes,"['Vila de Rei', 'Gavião', 'Ponte de Sor', 'Chamusca', 'Constância', 'Mação', 'Sardoal', 'Tomar', 'Vila Nova da Barquinha']"
Alcanena,"['Batalha', 'Porto de Mós', 'Ourém', 'Santarém', 'Torres Novas']"
Almeirim,"['Alpiarça', 'Cartaxo', 'Chamusca', 'Coruche', 'Salvaterra de Magos', 'Santarém']"
Alpiarça,"['Almeirim', 'Chamusca', 'Santarém']"
Benavente,"['Azambuja', 'Vila Franca de Xira', 'Coruche', 'Salvaterra de Magos', 'Alcochete', 'Montijo', 'Palmela']"
Cartaxo,"['Azambuja', 'Almeirim', 'Salvaterra de Magos', 'Santarém']"
Chamusca,"['Ponte de Sor', 'Abrantes', 'Almeirim', 'Alpiarça', 'Constância', 'Coruche', 'Golegã', 'Santarém', 'Vila Nova da Barquinha']"
Constância,"['Abrantes', 'Chamusca', 'Vila Nova da Barquinha']"
Coruche,"['Arraiolos', 'Montemor-o-Novo', 'Mora', 'Ponte de Sor', 'Almeirim', 'Benavente', 'Chamusca', 'Salvaterra de Magos', 'Montijo']"
Entroncamento,"['Golegã', 'Torres Novas', 'Vila Nova da Barquinha']"
Ferreira do Zêzere,"['Sertã', 'Vila de Rei', 'Alvaiázere', 'Figueiró dos Vinhos', 'Ourém', 'Tomar']"
Golegã,"['Chamusca', 'Entroncamento', 'Santarém', 'Torres Novas', 'Vila Nova da Barquinha']"
Mação,"['Proença-a-Nova', 'Sertã', 'Vila de Rei', 'Vila Velha de Ródão', 'Gavião', 'Nisa', 'Abrantes', 'Sardoal']"
Ourém,"['Alvaiázere', 'Batalha', 'Leiria', 'Pombal', 'Alcanena', 'Ferreira do Zêzere', 'Tomar', 'Torres Novas']"
Rio Maior,"['Alcobaça', 'Caldas da Rainha', 'Porto de Mós', 'Azambuja', 'Cadaval', 'Santarém']"
Salvaterra de Magos,"['Azambuja', 'Almeirim', 'Benavente', 'Cartaxo', 'Coruche']"
Santarém,"['Porto de Mós', 'Azambuja', 'Alcanena', 'Almeirim', 'Alpiarça', 'Cartaxo', 'Chamusca', 'Golegã', 'Rio Maior', 'Torres Novas']"
Sardoal,"['Vila de Rei', 'Abrantes', 'Mação']"
Tomar,"['Vila de Rei', 'Abrantes', 'Ferreira do Zêzere', 'Ourém', 'Torres Novas', 'Vila Nova da Barquinha']"
Torres Novas,"['Alcanena', 'Entroncamento', 'Golegã', 'Ourém', 'Santarém', 'Tomar', 'Vila Nova da Barquinha']"
Vila Nova da Barquinha,"['Abrantes', 'Chamusca', 'Constância', 'Entroncamento', 'Golegã', 'Tomar', 'Torres Novas']"
Alcácer do Sal,"['Montemor-o-Novo', 'Vendas Novas', 'Viana do Alentejo', 'Alvito', 'Ferreira do Alentejo', 'Grândola', 'Palmela']"
Alcochete,"['Benavente', 'Montijo', 'Palmela']"
Almada,"['Seixal', 'Sesimbra']"
Barreiro,"['Moita', 'Palmela', 'Seixal', 'Sesimbra', 'Setúbal']"
Grândola,"['Ferreira do Alentejo', 'Alcácer do Sal', 'Santiago do Cacém']"
Moita,"['Barreiro', 'Montijo', 'Palmela']"
Montijo,"['Montemor-o-Novo', 'Vendas Novas', 'Benavente', 'Coruche', 'Alcochete', 'Moita', 'Palmela']"
Palmela,"['Vendas Novas', 'Benavente', 'Alcácer do Sal', 'Alcochete', 'Barreiro', 'Moita', 'Montijo', 'Setúbal']"
Santiago do Cacém,"['Aljustrel', 'Ferreira do Alentejo', 'Odemira', 'Ourique', 'Grândola', 'Sines']"
Seixal,"['Almada', 'Barreiro', 'Sesimbra']"
Sesimbra,"['Almada', 'Barreiro', 'Seixal', 'Setúbal']"
Setúbal,"['Barreiro', 'Palmela', 'Sesimbra']"
Sines,"['Odemira', 'Santiago do Cacém']"
Arcos de Valdevez,"['Melgaço', 'Monção', 'Paredes de Coura', 'Ponte da Barca', 'Ponte de Lima']"
Caminha,"['Ponte de Lima', 'Viana do Castelo', 'Vila Nova de Cerveira']"
Melgaço,"['Arcos de Valdevez', 'Monção']"
Monção,"['Arcos de Valdevez', 'Melgaço', 'Paredes de Coura', 'Valença']"
Paredes de Coura,"['Arcos de Valdevez', 'Monção', 'Ponte de Lima', 'Valença', 'Vila Nova de Cerveira']"
Ponte da Barca,"['Terras de Bouro', 'Vila Verde', 'Arcos de Valdevez', 'Ponte de Lima']"
Ponte de Lima,"['Barcelos', 'Vila Verde', 'Arcos de Valdevez', 'Caminha', 'Paredes de Coura', 'Ponte da Barca', 'Viana do Castelo', 'Vila Nova de Cerveira']"
Valença,"['Monção', 'Paredes de Coura', 'Vila Nova de Cerveira']"
Viana do Castelo,"['Barcelos', 'Esposende', 'Caminha', 'Ponte de Lima']"
Vila Nova de Cerveira,"['Caminha', 'Paredes de Coura', 'Ponte de Lima', 'Valença']"
Alijó,"['Carrazeda de Ansiães', 'Murça', 'Sabrosa', 'Vila Pouca de Aguiar', 'São João da Pesqueira']"
Boticas,"['Cabeceiras de Basto', 'Chaves', 'Montalegre', 'Ribeira de Pena', 'Vila Pouca de Aguiar']"
Chaves,"['Vinhais', 'Boticas', 'Montalegre', 'Valpaços', 'Vila Pouca de Aguiar']"
Mesão Frio,"['Baião', 'Peso da Régua', 'Lamego', 'Resende']"
Mondim de Basto,"['Cabeceiras de Basto', 'Celorico de Basto', 'Amarante', 'Ribeira de Pena', 'Vila Real']"
Montalegre,"['Cabeceiras de Basto', 'Terras de Bouro', 'Vieira do Minho', 'Boticas', 'Chaves']"
Murça,"['Carrazeda de Ansiães', 'Mirandela', 'Alijó', 'Valpaços', 'Vila Pouca de Aguiar']"
Peso da Régua,"['Baião', 'Mesão Frio', 'Sabrosa', 'Santa Marta de Penaguião', 'Vila Real', 'Armamar', 'Lamego']"
Ribeira de Pena,"['Cabeceiras de Basto', 'Boticas', 'Mondim de Basto', 'Vila Pouca de Aguiar', 'Vila Real']"
Sabrosa,"['Alijó', 'Peso da Régua', 'Vila Pouca de Aguiar', 'Vila Real', 'Armamar', 'São João da Pesqueira', 'Tabuaço']"
Santa Marta de Penaguião,"['Amarante', 'Baião', 'Peso da Régua', 'Vila Real']"
Valpaços,"['Mirandela', 'Vinhais', 'Chaves', 'Murça', 'Vila Pouca de Aguiar']"
Vila Pouca de Aguiar,"['Alijó', 'Boticas', 'Chaves', 'Murça', 'Ribeira de Pena', 'Sabrosa', 'Valpaços', 'Vila Real']"
Vila Real,"['Amarante', 'Mondim de Basto', 'Peso da Régua', 'Ribeira de Pena', 'Sabrosa', 'Santa Marta de Penaguião', 'Vila Pouca de Aguiar']"
Armamar,"['Peso da Régua', 'Sabrosa', 'Lamego', 'Moimenta da Beira', 'Tabuaço', 'Tarouca']"
Carregal do Sal,"['Oliveira do Hospital', 'Tábua', 'Nelas', 'Santa Comba Dão', 'Tondela', 'Viseu']"
Castro Daire,"['Arouca', 'Cinfães', 'Lamego', 'Moimenta da Beira', 'Resende', 'São Pedro do Sul', 'Tarouca', 'Vila Nova de Paiva', 'Viseu']"
Cinfães,"['Arouca', 'Castelo de Paiva', 'Baião', 'Marco de Canaveses', 'Castro Daire', 'Resende']"
Lamego,"['Mesão Frio', 'Peso da Régua', 'Armamar', 'Castro Daire', 'Resende', 'Tarouca']"
Mangualde,"['Fornos de Algodres', 'Gouveia', 'Seia', 'Nelas', 'Penalva do Castelo', 'Viseu']"
Moimenta da Beira,"['Armamar', 'Castro Daire', 'Sátão', 'Sernancelhe', 'Tabuaço', 'Tarouca', 'Vila Nova de Paiva']"
Mortágua,"['Águeda', 'Anadia', 'Mealhada', 'Penacova', 'Santa Comba Dão', 'Tondela']"
Nelas,"['Oliveira do Hospital', 'Seia', 'Carregal do Sal', 'Mangualde', 'Viseu']"
Oliveira de Frades,"['Águeda', 'Sever do Vouga', 'Vale de Cambra', 'São Pedro do Sul', 'Tondela', 'Vouzela']"
Penalva do Castelo,"['Aguiar da Beira', 'Fornos de Algodres', 'Mangualde', 'Sátão', 'Viseu']"
Penedono,"['Mêda', 'Trancoso', 'Vila Nova de Foz Côa', 'São João da Pesqueira', 'Sernancelhe']"
Resende,"['Baião', 'Mesão Frio', 'Castro Daire', 'Cinfães', 'Lamego']"
Sátão,"['Aguiar da Beira', 'Moimenta da Beira', 'Penalva do Castelo', 'Sernancelhe', 'Vila Nova de Paiva', 'Viseu']"
São João da Pesqueira,"['Carrazeda de Ansiães', 'Vila Nova de Foz Côa', 'Alijó', 'Sabrosa', 'Penedono', 'Sernancelhe', 'Tabuaço']"
São Pedro do Sul,"['Arouca', 'Vale de Cambra', 'Castro Daire', 'Oliveira de Frades', 'Viseu', 'Vouzela']"
Santa Comba Dão,"['Penacova', 'Tábua', 'Carregal do Sal', 'Mortágua', 'Tondela']"
Sernancelhe,"['Aguiar da Beira', 'Mêda', 'Trancoso', 'Moimenta da Beira', 'Penedono', 'Sátão', 'São João da Pesqueira', 'Tabuaço']"
Tabuaço,"['Sabrosa', 'Armamar', 'Moimenta da Beira', 'São João da Pesqueira', 'Sernancelhe']"
Tarouca,"['Armamar', 'Castro Daire', 'Lamego', 'Moimenta da Beira']"
Tondela,"['Águeda', 'Carregal do Sal', 'Mortágua', 'Oliveira de Frades', 'Santa Comba Dão', 'Viseu', 'Vouzela']"
Vila Nova de Paiva,"['Castro Daire', 'Moimenta da Beira', 'Sátão', 'Viseu']"
Viseu,"['Carregal do Sal', 'Castro Daire', 'Mangualde', 'Nelas', 'Penalva do Castelo', 'Sátão', 'São Pedro do Sul', 'Tondela', 'Vila Nova de Paiva', 'Vouzela']"
Vouzela,"['Águeda', 'Oliveira de Frades', 'São Pedro do Sul', 'Tondela', 'Viseu']"
